advertising_lakh,visitors,discount_percent,sales_lakh
43,466,0,56.1
33,554,6,53.21
19,527,8,43.98
47,608,0,70.23
12,875,11,59.31
25,134,7,29.62
43,305,10,57.15
23,180,18,41.67
27,661,16,65.02
15,971,7,65.69
15,487,2,41.67
28,101,2,29.18
40,489,0,55.52
44,665,4,72.87
28,205,9,37.28
7,871,6,51.65
26,921,8,75.47
6,576,6,36.32
28,802,8,59.33
48,501,7,68.69
34,829,11,74.06
42,655,1,66.08
6,261,0,19.21
25,301,15,43.55
37,369,4,51.09
16,962,2,56.03
26,915,11,70.32
48,370,7,65.31
29,555,2,52.09
31,561,0,47.83
46,826,2,76.08
32,351,4,42.57
20,801,14,64.76
19,395,13,41.45
48,824,2,78.82
7,819,0,46.56
41,848,4,79.03
11,437,13,37.67
25,978,6,70.78
13,152,8,21.54
43,891,14,88.37
22,316,14,41.78
8,863,9,57.25
29,287,12,41.3
18,479,18,46.82
13,592,6,45.92
30,140,16,38.19
6,256,19,33.15
24,114,3,30.92
32,912,4,77.78
